{
  "baseline_test": {
    "mae": 10.072503384078884,
    "rmse": 13.338401634591396,
    "mape": 0.20799769051654488,
    "smape": 0.19647701086971558
  },
  "xgboost_validation": {
    "mae": 6.566386461957296,
    "rmse": 8.517973043957063,
    "mape": 0.11490427538838206,
    "smape": 0.11144469820108871
  },
  "production_test": {
    "mae": 5.9484640253177465,
    "rmse": 7.7146247090118285,
    "mape": 0.13039537756492023,
    "smape": 0.125311059240068
  },
  "selected_model": {
    "name": "hist_gradient_boosting"
  }
}